timestamp,status,code,ms
2026-09-12T03:09:21Z,up,200,505
2026-09-12T03:36:57Z,up,200,651
2026-09-12T07:21:04Z,up,200,671
2026-09-12T10:13:34Z,up,200,524
2026-09-12T10:51:30Z,up,200,772
2026-09-12T11:34:01Z,up,200,747
2026-09-12T11:40:15Z,up,200,749
2026-09-12T14:01:29Z,up,200,811
2026-09-12T14:22:49Z,up,200,777
2026-09-12T17:20:35Z,up,200,534
2026-09-12T18:20:55Z,up,200,866
2026-09-12T19:29:20Z,up,200,795
2026-09-12T19:32:37Z,up,200,573
2026-09-12T21:13:25Z,up,200,805
2026-09-12T21:35:38Z,up,200,613
2026-09-12T22:35:27Z,up,200,622
2026-09-12T23:19:22Z,up,200,796
2026-09-12T23:19:44Z,up,200,709
2026-09-13T00:00:40Z,up,200,1014
2026-09-13T00:01:37Z,up,200,789
2026-09-13T00:02:41Z,up,200,751
2026-09-13T00:04:05Z,up,200,1048
2026-09-13T00:05:20Z,up,200,671
2026-09-13T00:12:51Z,up,200,1177
2026-09-13T00:14:36Z,up,200,1183
2026-09-13T00:56:21Z,up,200,2494
2026-09-13T01:11:30Z,up,200,866
2026-09-13T06:12:49Z,up,200,4537
2026-09-13T10:11:01Z,up,200,1022
2026-09-13T11:14:29Z,up,200,2411
2026-09-13T11:58:09Z,up,200,1906
2026-09-13T12:57:48Z,up,200,2005
2026-09-13T15:11:57Z,up,200,711
2026-09-13T16:07:01Z,up,200,1191
2026-09-13T18:46:26Z,up,200,879
2026-09-13T21:09:06Z,up,200,1019
2026-09-13T21:17:37Z,up,200,1183
2026-09-13T21:19:18Z,up,200,906
2026-09-13T21:24:30Z,up,200,686
2026-09-13T21:36:56Z,up,200,997
2026-09-13T23:09:55Z,up,200,988
2026-09-14T00:41:59Z,up,200,1048
2026-09-14T01:05:27Z,up,200,1118
2026-09-14T23:11:43Z,up,200,4629
2026-09-15T00:27:15Z,up,200,2726
2026-09-15T03:53:22Z,up,200,3552
2026-09-15T04:06:53Z,up,200,1262
2026-09-15T05:11:59Z,up,200,765
2026-09-15T10:07:28Z,up,200,1061
2026-09-15T10:56:23Z,up,200,1645
2026-09-15T11:46:07Z,up,200,815
2026-09-15T13:56:56Z,up,200,1002
2026-09-15T14:47:27Z,up,200,1139
2026-09-15T14:59:02Z,up,200,1105
2026-09-15T16:28:14Z,up,200,1158
2026-09-15T17:31:56Z,up,200,968
2026-09-15T18:53:22Z,up,200,3098
2026-09-15T21:54:21Z,up,200,1081
2026-09-15T23:58:22Z,up,200,873
2026-09-16T04:38:07Z,up,200,935
2026-09-16T09:31:12Z,up,200,983
2026-09-16T14:20:32Z,up,200,1153
2026-09-16T18:15:55Z,up,200,1132
